Time (sec) ,  Temperature (C) ,  RMS Voltage Ch2 (v) ,   ,   ,   ,   ,   ,   ,   ,   ,   ,   ,  
0,57.6,2.310
1,60.3,2.300
2,61.4,2.300
3,62.6,2.310
4,63.7,2.310
5,64.7,2.310
6,66.1,2.310
7,67.1,2.310
8,68.1,2.310
9,69.1,2.320
10,70.0,2.310
11,71.0,2.310
12,72.1,2.300
13,73.0,2.300
14,73.9,2.300
15,74.8,2.310
16,75.7,2.310
17,76.5,2.310
18,77.3,2.320
19,78.4,2.320
20,79.2,2.320
21,79.9,2.310
22,80.7,2.310
23,81.5,2.310
24,82.2,2.310
25,83.2,2.310
26,83.9,2.310
27,84.6,2.310
28,85.4,2.320
29,86.1,2.320
30,86.8,2.320
31,87.6,2.320
32,88.3,2.310
33,89.0,2.310
34,89.6,2.310
35,90.3,2.310
36,91.0,2.310
37,91.8,2.310
38,92.4,2.310
39,93.1,2.310
40,93.7,2.320
41,94.3,2.320
42,94.9,2.320
43,95.7,2.320
44,96.3,2.320
45,96.9,2.320
46,97.5,2.320
47,98.1,2.310
48,98.7,2.310
49,99.4,2.310
50,100.0,2.310
51,100.6,2.320
52,101.1,2.320
53,101.7,2.320
54,102.3,2.320
55,103.0,2.320
56,103.5,2.310
57,104.1,2.310
58,104.6,2.310
59,105.2,2.320
60,105.7,2.310
61,106.4,2.320
62,106.9,2.320
63,107.4,2.320
64,108.0,2.320
65,108.5,2.320
66,109.0,2.310
67,109.7,2.310
68,110.2,2.310
69,110.7,2.310
70,111.2,2.310
71,111.7,2.310
72,112.2,2.320
73,112.9,2.320
74,113.4,2.320
75,113.9,2.320
76,114.4,2.320
77,114.9,2.320
78,115.4,2.320
79,116.0,2.320
80,116.5,2.310
81,116.9,2.310
82,117.4,2.310
83,117.9,2.320
84,118.4,2.320
85,119.0,2.320
86,119.5,2.320
87,119.9,2.320
88,120.4,2.320
89,120.9,2.320
90,121.3,2.310
91,121.8,2.310
92,122.4,2.310
93,122.9,2.310
94,123.3,2.310
95,123.8,2.310
96,124.2,2.320
97,124.7,2.320
98,125.3,2.320
99,125.7,2.330
100,126.2,2.330
101,126.6,2.320
102,127.1,2.320
103,127.5,2.320
104,128.1,2.320
105,128.5,2.320
106,129.0,2.310
107,129.4,2.320
108,129.8,2.310
109,130.3,2.310
110,130.8,2.320
111,131.2,2.310
112,131.7,2.320
113,132.1,2.320
114,132.5,2.320
115,133.0,2.330
116,133.5,2.330
117,133.9,2.320
118,134.4,2.320
119,134.8,2.320
120,135.2,2.310
121,135.6,2.310
122,136.2,2.320
123,136.6,2.320
124,137.0,2.330
125,137.4,2.330
126,137.8,2.330
127,138.2,2.330
128,138.8,2.330
129,139.2,2.330
130,139.6,2.320
131,140.0,2.320
132,140.4,2.310
133,140.8,2.310
134,141.3,2.320
135,141.7,2.320
136,142.1,2.320
137,142.5,2.330
138,142.9,2.330
139,143.3,2.330
140,143.8,2.320
141,144.2,2.320
142,144.6,2.320
143,145.0,2.320
144,145.4,2.320
145,145.8,2.310
146,146.3,2.320
147,146.6,2.320
148,147.0,2.320
149,147.4,2.330
150,147.8,2.330
151,148.2,2.330
152,148.7,2.330
153,149.1,2.320
154,149.4,2.320
155,149.8,2.320
156,150.2,2.320
157,150.6,2.320
158,151.0,2.320
159,151.4,2.320
160,151.8,2.320
161,152.2,2.320
162,152.6,2.320
163,152.9,2.320
164,153.4,2.320
165,153.8,2.320
166,154.1,2.330
167,154.5,2.330
168,154.9,2.330
169,155.2,2.330
170,155.6,2.330
171,156.1,2.330
172,156.4,2.330
173,156.8,2.330
174,157.2,2.330
175,157.5,2.320
176,157.9,2.320
177,158.3,2.320
178,158.7,2.320
179,159.1,2.320
180,159.4,2.320
181,159.8,2.320
182,160.1,2.320
183,160.6,2.320
184,160.9,2.330
185,161.3,2.330
186,161.6,2.330
187,162.0,2.330
188,162.3,2.330
189,162.8,2.330
190,163.1,2.330
191,163.5,2.320
192,163.8,2.320
193,164.1,2.320
194,164.5,2.320
195,165.0,2.320
196,165.3,2.320
197,165.6,2.320
198,166.0,2.320
199,166.3,2.320
200,166.7,2.330
201,167.1,2.330
202,167.4,2.330
203,167.8,2.330
204,168.1,2.330
205,168.4,2.330
206,168.8,2.330
207,169.2,2.330
208,169.5,2.330
209,169.9,2.330
210,170.2,2.330
211,170.6,2.330
212,170.9,2.320
213,171.3,2.320
214,171.6,2.320
215,172.0,2.320
216,172.3,2.320
217,172.6,2.320
218,173.0,2.320
219,173.4,2.320
220,173.7,2.320
221,174.0,2.320
222,174.4,2.330
223,174.7,2.330
224,175.0,2.330
225,175.4,2.320
226,175.7,2.330
227,176.1,2.330
228,176.4,2.330
229,176.7,2.330
230,177.0,2.330
231,177.4,2.330
232,177.8,2.330
233,178.1,2.330
234,178.4,2.330
235,178.7,2.330
236,179.0,2.330
237,179.4,2.330
238,179.8,2.330
239,180.1,2.330
240,180.4,2.330
241,180.7,2.330
242,181.0,2.330
243,181.4,2.330
244,181.7,2.330
245,182.0,2.330
246,182.4,2.320
247,182.7,2.320
248,183.0,2.320
249,183.4,2.330
250,183.7,2.330
251,184.0,2.330
252,184.3,2.330
253,184.6,2.330
254,184.9,2.320
255,185.2,2.320
256,185.6,2.320
257,185.9,2.320
258,186.2,2.330
259,186.5,2.330
260,186.9,2.330
261,187.2,2.340
262,187.5,2.330
263,187.8,2.320
264,188.1,2.320
265,188.5,2.320
266,188.7,2.330
267,189.0,2.330
268,189.4,2.330
269,189.7,2.330
270,190.0,2.330
271,190.3,2.320
272,190.6,2.320
273,190.9,2.320
274,191.3,2.320
275,191.6,2.320
276,191.9,2.330
277,192.2,2.330
278,192.5,2.330
279,192.8,2.330
280,193.1,2.330
281,193.4,2.330
282,193.7,2.320
283,194.0,2.320
284,194.3,2.320
285,194.6,2.320
286,195.0,2.330
287,195.3,2.330
288,195.6,2.330
289,195.8,2.330
290,196.1,2.330
291,196.4,2.320
292,196.8,2.320
293,197.1,2.320
294,197.4,2.320
295,197.6,2.320
296,197.9,2.330
297,198.2,2.330
298,198.6,2.330
299,198.8,2.330
300,199.1,2.330
301,199.4,2.330
302,199.7,2.320
303,200.0,2.320
304,200.3,2.320
305,200.6,2.320
306,200.9,2.320
307,201.2,2.320
308,201.5,2.320
309,201.7,2.330
310,202.1,2.330
311,202.4,2.330
312,202.7,2.330
313,202.9,2.320
314,203.2,2.320
315,203.5,2.320
316,203.8,2.320
317,204.1,2.320
318,204.4,2.320
319,204.7,2.330
320,204.9,2.330
321,205.2,2.330
322,205.6,2.320
323,205.8,2.320
324,206.1,2.320
325,206.4,2.310
326,206.7,2.320
327,206.9,2.320
328,207.3,2.320
329,207.5,2.330
330,207.8,2.330
331,208.1,2.320
332,208.3,2.320
333,208.6,2.320
334,208.9,2.310
335,209.2,2.310
336,209.5,2.310
337,209.7,2.310
338,210.0,2.310
339,210.3,2.320
340,210.5,2.320
341,210.9,2.320
342,211.1,2.320
343,211.4,2.320
344,211.7,2.320
345,211.9,2.310
346,212.2,2.310
347,212.5,2.310
348,212.8,2.300
349,213.1,2.310
350,213.3,2.310
351,213.6,2.310
352,213.8,2.310
353,214.2,2.310
354,214.4,2.320
355,214.7,2.320
356,214.9,2.310
357,215.2,2.310
358,215.5,2.310
359,215.8,2.310
360,216.0,2.300
361,216.3,2.300
362,216.5,2.300
363,216.8,2.300
364,217.1,2.300
365,217.4,2.300
366,217.6,2.300
367,217.9,2.300
368,218.1,2.300
369,218.4,2.300
370,218.6,2.300
371,219.0,2.300
372,219.2,2.300
373,219.5,2.300
374,219.7,2.300
375,220.0,2.300
376,220.2,2.290
377,220.5,2.290
378,220.8,2.290
379,221.0,2.280
380,221.3,2.290
381,221.5,2.290
382,221.8,2.290
383,222.1,2.290
384,222.3,2.290
385,222.6,2.290
386,222.8,2.290
387,223.1,2.290
388,223.3,2.280
389,223.6,2.280
390,223.9,2.280
391,224.1,2.270
392,224.3,2.270
393,224.6,2.280
394,224.8,2.280
395,225.1,2.270
396,225.4,2.270
397,225.6,2.270
398,225.9,2.270
399,226.1,2.270
400,226.3,2.270
401,226.6,2.270
402,226.9,2.270
403,227.1,2.270
404,227.4,2.270
405,227.6,2.270
406,227.8,2.260
407,228.1,2.260
408,228.4,2.260
409,228.6,2.250
410,228.8,2.250
411,229.1,2.250
412,229.3,2.250
413,229.6,2.250
414,229.9,2.250
415,230.1,2.250
416,230.3,2.250
417,230.6,2.250
418,230.8,2.240
419,231.0,2.240
420,231.3,2.240
421,231.6,2.230
422,231.8,2.230
423,232.0,2.230
424,232.2,2.220
425,232.5,2.220
426,232.8,2.220
427,233.0,2.220
428,233.2,2.220
429,233.5,2.220
430,233.7,2.220
431,233.9,2.220
432,234.2,2.220
433,234.4,2.210
434,234.7,2.210
435,234.9,2.210
436,235.1,2.210
437,235.3,2.200
438,235.6,2.200
439,235.9,2.200
440,236.1,2.190
441,236.3,2.190
442,236.5,2.180
443,236.8,2.180
444,237.0,2.180
445,237.3,2.180
446,237.5,2.180
447,237.7,2.180
448,237.9,2.180
449,238.2,2.180
450,238.4,2.170
451,238.7,2.170
452,238.9,2.160
453,239.1,2.150
454,239.3,2.150
455,239.6,2.150
456,239.8,2.140
457,240.1,2.140
458,240.3,2.140
459,240.5,2.130
460,240.7,2.130
461,240.9,2.130
462,241.2,2.130
463,241.4,2.130
464,241.6,2.130
465,241.9,2.130
466,242.1,2.120
467,242.3,2.120
468,242.6,2.110
469,242.8,2.110
470,243.0,2.110
471,243.2,2.100
472,243.4,2.090
473,243.6,2.090
474,243.9,2.080
475,244.1,2.080
476,244.3,2.080
477,244.5,2.080
478,244.7,2.070
479,245.0,2.070
480,245.2,2.070
481,245.4,2.070
482,245.7,2.060
483,245.9,2.060
484,246.1,2.050
485,246.3,2.050
486,246.6,2.050
487,246.8,2.040
488,247.0,2.030
489,247.2,2.030
490,247.4,2.020
491,247.6,2.010
492,247.9,2.010
493,248.1,2.000
494,248.3,2.000
495,248.5,1.990
496,248.7,1.990
497,248.9,1.990
498,249.1,1.980
499,249.4,1.980
500,249.6,1.980
501,249.8,1.970
502,250.0,1.970
503,250.2,1.970
504,250.4,1.960
505,250.7,1.960
506,250.9,1.950
507,251.1,1.950
508,251.3,1.940
509,251.5,1.930
510,251.7,1.930
511,251.9,1.930
512,252.1,1.930
513,252.3,1.930
514,252.5,1.920
515,252.7,1.920
516,252.9,1.920
517,253.2,1.910
518,253.4,1.900
519,253.6,1.900
520,253.8,1.900
521,254.0,1.900
522,254.2,1.900
523,254.4,1.890
524,254.6,1.890
525,254.8,1.880
526,255.0,1.880
527,255.2,1.880
528,255.4,1.880
529,255.7,1.880
530,255.9,1.880
531,256.1,1.880
532,256.3,1.880
533,256.5,1.870
534,256.7,1.860
535,256.9,1.860
536,257.1,1.860
537,257.3,1.860
538,257.5,1.850
539,257.7,1.850
540,257.9,1.850
541,258.1,1.860
542,258.3,1.860
543,258.5,1.860
544,258.7,1.860
545,258.9,1.860
546,259.1,1.850
547,259.3,1.850
548,259.5,1.850
549,259.7,1.840
550,259.9,1.850
551,260.1,1.840
552,260.3,1.840
553,260.5,1.840
554,260.7,1.840
555,260.9,1.840
556,261.1,1.840
557,261.3,1.840
558,261.4,1.840
559,261.7,1.840
560,261.9,1.840
561,262.0,1.830
562,262.2,1.830
563,262.4,1.830
564,262.6,1.830
565,262.9,1.830
566,263.0,1.830
567,263.2,1.830
568,263.4,1.830
569,263.6,1.820
570,263.8,1.820
571,264.0,1.830
572,264.2,1.830
573,264.3,1.830
574,264.5,1.830
575,264.7,1.830
576,264.9,1.830
577,265.1,1.830
578,265.3,1.830
579,265.5,1.830
580,265.7,1.830
581,265.9,1.830
582,266.0,1.820
583,266.2,1.820
584,266.4,1.820
585,266.6,1.820
586,266.8,1.820
587,267.0,1.820
588,267.1,1.820
589,267.3,1.820
590,267.5,1.820
591,267.7,1.820
592,267.9,1.830
593,268.1,1.830
594,268.3,1.830
595,268.4,1.820
596,268.7,1.820
597,268.8,1.820
598,269.0,1.810
599,269.2,1.810
600,269.4,1.810
601,269.5,1.820
602,269.8,1.820
603,269.9,1.820
604,270.1,1.820
605,270.3,1.820
606,270.4,1.820
607,270.6,1.820
608,270.8,1.820
609,271.0,1.820
610,271.2,1.820
611,271.3,1.820
612,271.5,1.820
613,271.7,1.820
614,271.9,1.810
615,272.1,1.820
616,272.2,1.810
617,272.4,1.810
618,272.6,1.810
619,272.8,1.810
620,273.0,1.810
621,273.1,1.810
622,273.3,1.810
623,273.5,1.810
624,273.6,1.810
625,273.8,1.820
626,274.0,1.820
627,274.2,1.820
628,274.3,1.820
629,274.5,1.820
630,274.7,1.820
631,274.8,1.820
632,275.0,1.820
633,275.2,1.820
634,275.4,1.820
635,275.6,1.820
636,275.7,1.820
637,275.9,1.820
638,276.1,1.820
639,276.2,1.820
640,276.4,1.810
641,276.6,1.810
642,276.7,1.810
643,276.9,1.810
644,277.1,1.810
645,277.3,1.810
646,277.4,1.810
647,277.6,1.810
648,277.8,1.820
649,277.9,1.820
650,278.1,1.820
651,278.3,1.820
652,278.4,1.820
653,278.6,1.820
654,278.8,1.820
655,278.9,1.810
656,279.1,1.810
657,279.3,1.810
658,279.4,1.810
659,279.6,1.810
660,279.7,1.810
661,279.9,1.810
662,280.0,1.810
663,280.2,1.810
664,280.4,1.810
665,280.5,1.820
666,280.7,1.820
667,280.9,1.820
668,281.0,1.820
669,281.2,1.820
670,281.3,1.820
671,281.4,1.820
672,281.5,1.820
673,281.6,1.820
674,281.7,1.810
675,281.7,1.810
676,281.8,1.810
677,281.8,1.810
678,281.9,1.810
679,281.9,1.810
680,281.9,1.810
681,281.9,1.810
682,281.9,1.810
683,281.9,1.810
684,281.8,1.820
685,281.8,1.810
686,281.8,1.820
687,281.7,1.820
688,281.6,1.820
689,281.6,1.820
690,281.5,1.820
691,281.4,1.810
692,281.4,1.810
693,281.3,1.810
694,281.2,1.810
695,281.1,1.810
696,281.0,1.810
697,280.9,1.810
698,280.8,1.810
699,280.6,1.810
700,280.5,1.810
701,280.4,1.810
702,280.3,1.810
703,280.1,1.810
704,280.0,1.810
705,279.8,1.810
706,279.7,1.810
707,279.5,1.810
708,279.4,1.810
709,279.2,1.810
710,279.1,1.810
711,278.9,1.810
712,278.7,1.810
713,278.6,1.810
714,278.4,1.810
715,278.3,1.810
716,278.1,1.810
717,277.9,1.810
718,277.7,1.810
719,277.5,1.810
720,277.4,1.820
721,277.2,1.820
722,277.0,1.820
723,276.8,1.820
724,276.6,1.820
725,276.4,1.820
726,276.2,1.820
727,276.1,1.820
728,275.9,1.810
729,275.7,1.810
730,275.4,1.810
731,275.2,1.810
732,275.1,1.810
733,274.9,1.810
734,274.7,1.810
735,274.5,1.810
736,274.2,1.810
737,274.0,1.820
738,273.8,1.820
739,273.6,1.820
740,273.4,1.820
741,273.2,1.820
742,273.0,1.820
743,272.8,1.820
744,272.6,1.820
745,272.4,1.820
746,272.2,1.820
747,272.0,1.820
748,271.7,1.820
749,271.5,1.820
750,271.3,1.820
751,271.1,1.820
752,270.9,1.820
753,270.7,1.820
754,270.4,1.820
755,270.2,1.830
756,270.0,1.830
757,269.8,1.830
758,269.6,1.830
759,269.3,1.830
760,269.1,1.830
761,268.9,1.830
762,268.6,1.830
763,268.4,1.830
764,268.2,1.830
765,268.0,1.830
766,267.8,1.830
767,267.5,1.830
768,267.3,1.830
769,267.1,1.830
770,266.9,1.830
771,266.7,1.830
772,266.4,1.820
773,266.2,1.820
774,266.0,1.820
775,265.8,1.830
776,265.5,1.830
777,265.3,1.840
778,265.1,1.840
779,264.8,1.830
780,264.6,1.830
781,264.4,1.830
782,264.2,1.830
783,264.0,1.830
784,263.7,1.840
785,263.5,1.840
786,263.3,1.840
787,263.1,1.840
788,262.8,1.840
789,262.6,1.840
790,262.4,1.840
791,262.1,1.840
792,261.9,1.850
793,261.7,1.850
794,261.5,1.850
795,261.3,1.860
796,261.0,1.860
797,260.8,1.860
798,260.6,1.860
799,260.4,1.860
800,260.1,1.860
801,259.9,1.860
802,259.6,1.860
803,259.4,1.860
804,259.2,1.870
805,259.0,1.870
806,258.8,1.880
807,258.6,1.880
808,258.4,1.880
809,258.1,1.870
810,257.9,1.880
811,257.7,1.880
812,257.4,1.890
813,257.2,1.890
814,257.0,1.900
815,256.8,1.900
816,256.5,1.910
817,256.3,1.910
818,256.1,1.910
819,255.9,1.910
820,255.7,1.910
821,255.4,1.910
822,255.2,1.920
823,255.0,1.930
824,254.8,1.940
825,254.6,1.940
826,254.4,1.940
827,254.1,1.950
828,253.9,1.950
829,253.7,1.950
830,253.5,1.950
831,253.3,1.960
832,253.0,1.960
833,252.8,1.960
834,252.6,1.970
835,252.4,1.980
836,252.1,1.990
837,251.9,1.990
838,251.7,2.000
839,251.5,2.000
840,251.3,2.000
841,251.1,2.000
842,250.8,2.010
843,250.6,2.020
844,250.4,2.030
845,250.2,2.030
846,250.0,2.030
847,249.7,2.040
848,249.5,2.040
849,249.3,2.040
850,249.1,2.040
851,248.9,2.040
852,248.7,2.050
853,248.5,2.060
854,248.3,2.060
855,248.1,2.070
856,247.8,2.070
857,247.6,2.080
858,247.4,2.080
859,247.2,2.080
860,247.0,2.080
861,246.8,2.080
862,246.6,2.080
863,246.3,2.090
864,246.1,2.090
865,245.9,2.090
866,245.7,2.100
867,245.5,2.100
868,245.3,2.110
869,245.0,2.110
870,244.8,2.110
871,244.7,2.110
872,244.5,2.110
873,244.2,2.110
874,244.1,2.120
875,243.8,2.120
876,243.6,2.120
877,243.4,2.130
878,243.2,2.130
879,243.0,2.140
880,242.8,2.140
881,242.6,2.140
882,242.4,2.150
883,242.2,2.150
884,242.0,2.140
885,241.8,2.140
886,241.6,2.140
887,241.4,2.150
888,241.1,2.150
889,240.9,2.150
890,240.8,2.160
891,240.6,2.160
892,240.4,2.170
893,240.2,2.170
894,239.9,2.180
895,239.7,2.180
896,239.5,2.180
897,239.3,2.180
898,239.1,2.180
899,238.9,2.190
900,238.7,2.180
901,238.5,2.180
902,238.3,2.180
903,238.1,2.180
904,237.9,2.180
905,237.7,2.190
906,237.5,2.200
907,237.3,2.200
908,237.1,2.200
909,236.9,2.210
910,236.7,2.200
911,236.5,2.200
912,236.3,2.200
913,236.1,2.200
914,235.9,2.210
915,235.7,2.210
916,235.5,2.220
917,235.3,2.220
918,235.1,2.220
919,234.9,2.230
920,234.7,2.220
921,234.5,2.220
922,234.4,2.220
923,234.2,2.220
924,233.9,2.230
925,233.7,2.240
926,233.6,2.240
927,233.4,2.240
928,233.2,2.240
929,233.0,2.240
930,232.8,2.230
931,232.6,2.230
932,232.4,2.230
933,232.2,2.240
934,232.0,2.240
935,231.8,2.250
936,231.6,2.250
937,231.4,2.260
938,231.2,2.260
939,231.1,2.260
940,230.9,2.250
941,230.7,2.250
942,230.5,2.250
943,230.3,2.250
944,230.1,2.250
945,229.9,2.250
946,229.7,2.260
947,229.5,2.260
948,229.3,2.260
949,229.1,2.270
950,228.9,2.270
951,228.8,2.270
952,228.6,2.270
953,228.4,2.270
954,228.2,2.270
955,228.0,2.270
956,227.8,2.270
957,227.7,2.270
958,227.5,2.270
959,227.3,2.270
960,227.1,2.270
961,226.9,2.270
962,226.7,2.270
963,226.5,2.270
964,226.4,2.270
965,226.2,2.280
966,226.0,2.280
967,225.8,2.290
968,225.6,2.290
969,225.4,2.290
970,225.2,2.290
971,225.1,2.290
972,224.9,2.280
973,224.7,2.280
974,224.5,2.280
975,224.3,2.280
976,224.2,2.290
977,224.0,2.290
978,223.8,2.290
979,223.6,2.290
980,223.4,2.300
981,223.2,2.300
982,223.1,2.300
983,222.9,2.300
984,222.7,2.300
985,222.5,2.290
986,222.3,2.290
987,222.1,2.290
988,222.0,2.290
989,221.8,2.300
990,221.6,2.300
991,221.4,2.300
992,221.2,2.300
993,221.1,2.300
994,220.9,2.310
995,220.8,2.300
996,220.6,2.300
997,220.4,2.300
998,220.2,2.310
999,220.0,2.310
1000,219.8,2.310
1001,219.7,2.310
1002,219.5,2.310
1003,219.3,2.310
1004,219.1,2.310
1005,219.0,2.300
1006,218.8,2.300
1007,218.6,2.300
1008,218.5,2.310
1009,218.2,2.310
1010,218.1,2.310
1011,217.9,2.310
1012,217.7,2.300
1013,217.6,2.310
1014,217.4,2.300
1015,217.2,2.300
1016,217.0,2.300
1017,216.9,2.300
1018,216.7,2.300
1019,216.5,2.300
1020,216.3,2.300
1021,216.1,2.310
1022,216.0,2.310
1023,215.8,2.310
1024,215.7,2.310
1025,215.5,2.310
1026,215.3,2.310
1027,215.1,2.320
1028,215.0,2.320
1029,214.8,2.320
1030,214.6,2.320
1031,214.5,2.320
1032,214.3,2.320
1033,214.1,2.310
1034,213.9,2.310
1035,213.8,2.310
1036,213.6,2.310
1037,213.5,2.320
1038,213.3,2.320
1039,213.1,2.320
1040,212.9,2.320
1041,212.8,2.320
1042,212.6,2.320
1043,212.5,2.310
1044,212.3,2.310
1045,212.1,2.310
1046,211.9,2.310
1047,211.8,2.320
1048,211.6,2.320
1049,211.5,2.320
1050,211.3,2.330
1051,211.1,2.330
1052,210.9,2.320
1053,210.8,2.320
1054,210.6,2.320
1055,210.5,2.320
1056,210.3,2.320
1057,210.2,2.320
1058,210.0,2.320
1059,209.8,2.320
1060,209.7,2.310
1061,209.5,2.310
1062,209.3,2.310
1063,209.2,2.320
1064,209.0,2.320
1065,208.8,2.330
1066,208.7,2.330
1067,208.5,2.320
1068,208.4,2.320
1069,208.2,2.320
1070,208.0,2.320
1071,207.9,2.320
1072,207.7,2.320
1073,207.6,2.320
1074,207.4,2.320
1075,207.3,2.320
1076,207.1,2.330
1077,206.9,2.330
1078,206.8,2.330
1079,206.6,2.330
1080,206.4,2.320
1081,206.3,2.320
1082,206.1,2.320
1083,206.0,2.320
1084,205.8,2.320
1085,205.7,2.320
1086,205.5,2.320
1087,205.4,2.320
1088,205.2,2.330
1089,205.0,2.320
1090,204.9,2.330
1091,204.7,2.330
1092,204.6,2.330
1093,204.4,2.330
1094,204.2,2.330
1095,204.1,2.330
1096,203.9,2.330
1097,203.8,2.320
1098,203.7,2.320
1099,203.5,2.320
1100,203.3,2.320
1101,203.2,2.320
1102,203.0,2.320
1103,202.9,2.320
1104,202.7,2.320
1105,202.6,2.330
1106,202.4,2.330
1107,202.3,2.330
1108,202.1,2.330
1109,201.9,2.330
1110,201.8,2.320
1111,201.7,2.320
1112,201.5,2.320
1113,201.3,2.320
1114,201.2,2.320
1115,201.0,2.320
1116,200.9,2.320
1117,200.8,2.320
1118,200.6,2.320
1119,200.5,2.320
1120,200.3,2.320
1121,200.1,2.320
1122,200.0,2.320
1123,199.9,2.320
1124,199.7,2.330
1125,199.6,2.330
1126,199.4,2.330
1127,199.3,2.330
1128,199.1,2.330
1129,199.0,2.330
1130,198.8,2.330
1131,198.6,2.330
1132,198.5,2.330
1133,198.4,2.330
1134,198.2,2.320
1135,198.1,2.320
1136,198.0,2.320
1137,197.8,2.320
1138,197.6,2.320
1139,197.5,2.320
1140,197.4,2.320
1141,197.2,2.330
1142,197.1,2.330
1143,196.9,2.330
1144,196.8,2.330
1145,196.6,2.330
1146,196.5,2.330
1147,196.3,2.330
1148,196.2,2.330
1149,196.0,2.320
1150,195.9,2.320
1151,195.8,2.320
1152,195.6,2.320
1153,195.5,2.320
1154,195.4,2.320
1155,195.2,2.320
1156,195.1,2.320
1157,194.9,2.320
1158,194.8,2.320
1159,194.7,2.320
1160,194.5,2.320
1161,194.4,2.330
1162,194.2,2.330
1163,194.1,2.330
1164,193.9,2.330
1165,193.8,2.330
1166,193.7,2.320
1167,193.5,2.320
1168,193.4,2.320
1169,193.2,2.320
1170,193.1,2.320
1171,193.0,2.330
1172,192.9,2.330
1173,192.7,2.330
1174,192.5,2.330
1175,192.4,2.330
1176,192.3,2.330
1177,192.1,2.330
1178,192.0,2.330
1179,191.8,2.330
1180,191.7,2.330
1181,191.6,2.330
1182,191.4,2.330
1183,191.3,2.320
1184,191.2,2.320
1185,191.0,2.320
1186,190.9,2.320
1187,190.7,2.320
1188,190.6,2.320
1189,190.5,2.320
1190,190.4,2.320
1191,190.2,2.320
1192,190.1,2.320
1193,189.9,2.320
1194,189.8,2.330
1195,189.7,2.330
1196,189.6,2.330
1197,189.4,2.330
1198,189.3,2.330
1199,189.1,2.330
1200,189.0,2.330
1201,188.9,2.320
1202,188.7,2.320
1203,188.6,2.320
1204,188.4,2.320
1205,188.3,2.320
1206,188.2,2.320
1207,188.1,2.320
1208,187.9,2.320
1209,187.8,2.320
1210,187.6,2.320
1211,187.5,2.320
1212,187.4,2.320
1213,187.2,2.320
1214,187.1,2.320
1215,187.0,2.320
1216,186.8,2.320
1217,186.7,2.320
1218,186.6,2.320
1219,186.5,2.320
1220,186.3,2.320
1221,186.2,2.320
1222,186.0,2.320
1223,185.9,2.330
1224,185.8,2.320
1225,185.7,2.320
1226,185.5,2.320
1227,185.4,2.320
1228,185.3,2.330
1229,185.1,2.330
1230,185.0,2.330
1231,184.9,2.330
1232,184.8,2.330
1233,184.7,2.330
1234,184.5,2.330
1235,184.4,2.330
1236,184.2,2.330
1237,184.1,2.330
1238,184.0,2.330
1239,183.9,2.330
1240,183.7,2.330
1241,183.6,2.330
1242,183.5,2.330
1243,183.3,2.320
1244,183.2,2.320
1245,183.1,2.320
1246,182.9,2.320
1247,182.8,2.320
1248,182.7,2.320
1249,182.6,2.320
1250,182.5,2.320
1251,182.3,2.320
1252,182.2,2.320
1253,182.1,2.320
1254,181.9,2.320
1255,181.8,2.320
1256,181.7,2.320
1257,181.6,2.320
1258,181.4,2.320
1259,181.3,2.320
1260,181.2,2.320
1261,181.1,2.320
1262,181.0,2.320
1263,180.8,2.320
1264,180.7,2.320
1265,180.6,2.320
1266,180.4,2.320
1267,180.3,2.320
1268,180.2,2.320
1269,180.1,2.320
1270,179.9,2.320
1271,179.8,2.320
1272,179.7,2.320
1273,179.6,2.320
1274,179.5,2.320
1275,179.4,2.320
1276,179.3,2.320
1277,179.1,2.320
1278,179.0,2.320
1279,178.9,2.320
1280,178.8,2.320
1281,178.7,2.320
1282,178.6,2.320
1283,178.5,2.320
1284,178.4,2.320
1285,178.3,2.320
1286,178.1,2.320
1287,178.0,2.320
1288,177.9,2.320
1289,177.8,2.320
1290,177.7,2.320
1291,177.6,2.320
1292,177.5,2.320
1293,177.3,2.320
1294,177.2,2.320
1295,177.1,2.320
1296,177.0,2.320
1297,176.9,2.320
1298,176.8,2.330
1299,176.6,2.330
1300,176.5,2.330
1301,176.4,2.320
1302,176.3,2.320
1303,176.1,2.320
1304,176.0,2.320
1305,175.9,2.320
1306,175.8,2.320
1307,175.6,2.320
1308,175.5,2.330
1309,175.4,2.330
1310,175.2,2.330
1311,175.1,2.320
1312,175.0,2.320
1313,174.8,2.320
1314,174.7,2.320
1315,174.6,2.320
1316,174.5,2.320
1317,174.3,2.320
1318,174.2,2.330
1319,174.1,2.330
1320,173.9,2.330
1321,173.8,2.330
1322,173.7,2.330
1323,173.5,2.330
1324,173.4,2.320
1325,173.3,2.320
1326,173.2,2.320
1327,173.0,2.320
1328,172.9,2.320
1329,172.8,2.320
1330,172.7,2.320
1331,172.5,2.320
1332,172.4,2.330
1333,172.2,2.330
1334,172.1,2.330
1335,172.0,2.330
1336,171.9,2.330
1337,171.7,2.320
1338,171.6,2.320
1339,171.5,2.320
1340,171.3,2.320
1341,171.2,2.320
1342,171.1,2.320
1343,170.9,2.320
1344,170.8,2.320
1345,170.6,2.320
1346,170.5,2.320
1347,170.3,2.320
1348,170.2,2.320
1349,170.0,2.330
1350,169.8,2.330
1351,169.7,2.330
1352,169.5,2.330
1353,169.3,2.330
1354,169.2,2.330
1355,169.0,2.320
1356,168.8,2.320
1357,168.6,2.320
1358,168.5,2.320
1359,168.3,2.320
1360,168.2,2.320
1361,168.0,2.320
1362,167.8,2.320
1363,167.7,2.320
1364,167.5,2.330
1365,167.4,2.330
1366,167.2,2.320
1367,167.0,2.320
1368,166.9,2.320
1369,166.7,2.320
1370,166.6,2.310
1371,166.5,2.320
1372,166.3,2.320
1373,166.1,2.320
1374,166.0,2.320
1375,165.9,2.320
1376,165.7,2.330
1377,165.6,2.330
1378,165.5,2.330
1379,165.3,2.330
1380,165.2,2.320
1381,165.0,2.320
1382,164.9,2.320
1383,164.8,2.320
1384,164.7,2.310
1385,164.5,2.310
1386,164.4,2.320
1387,164.2,2.320
1388,164.1,2.310
1389,164.0,2.310
1390,163.9,2.310
1391,163.8,2.310
1392,163.6,2.320
1393,163.5,2.320
1394,163.4,2.320
1395,163.2,2.320
1396,163.1,2.330
1397,163.0,2.330
1398,162.9,2.330
1399,162.7,2.320
1400,162.6,2.320
1401,162.5,2.320
1402,162.4,2.310
1403,162.3,2.310
1404,162.1,2.310
1405,162.0,2.320
1406,161.9,2.320
1407,161.8,2.320
1408,161.7,2.320
1409,161.6,2.320
1410,161.4,2.320
1411,161.3,2.330
1412,161.2,2.330
1413,161.1,2.330
1414,161.0,2.330
1415,160.9,2.320
1416,160.8,2.320
1417,160.6,2.330
1418,160.5,2.330
1419,160.4,2.330
1420,160.3,2.330
1421,160.2,2.330
1422,160.1,2.330
1423,160.0,2.330
1424,159.9,2.330
1425,159.8,2.330
1426,159.7,2.320
1427,159.6,2.320
1428,159.4,2.320
1429,159.3,2.320
1430,159.2,2.310
1431,159.1,2.310
1432,159.0,2.310
1433,158.9,2.320
1434,158.8,2.320
1435,158.7,2.330
1436,158.6,2.330
1437,158.5,2.330
1438,158.4,2.330
1439,158.3,2.320
1440,158.2,2.320
1441,158.1,2.320
1442,158.0,2.320
1443,157.9,2.310
1444,157.8,2.310
1445,157.7,2.310
1446,157.5,2.320
1447,157.4,2.320
1448,157.3,2.320
1449,157.2,2.320
1450,157.1,2.330
1451,157.0,2.320
1452,156.9,2.330
1453,156.8,2.330
1454,156.7,2.330
1455,156.6,2.330
1456,156.5,2.320
1457,156.4,2.320
1458,156.3,2.320
1459,156.2,2.320
1460,156.1,2.320
1461,156.0,2.310
1462,155.9,2.310
1463,155.8,2.310
1464,155.7,2.310
1465,155.6,2.310
1466,155.5,2.310
1467,155.4,2.310
1468,155.3,2.320
1469,155.2,2.320
1470,155.1,2.320
1471,155.0,2.320
1472,154.9,2.330
1473,154.8,2.330
1474,154.7,2.330
1475,154.7,2.330
1476,154.6,2.330
1477,154.4,2.320
1478,154.3,2.320
1479,154.3,2.320
1480,154.2,2.330
1481,154.1,2.320
1482,154.0,2.320
1483,153.9,2.320
1484,153.8,2.320
1485,153.7,2.320
1486,153.6,2.320
1487,153.5,2.320
1488,153.4,2.320
1489,153.3,2.320
1490,153.2,2.320
1491,153.1,2.320
1492,153.0,2.310
1493,152.9,2.310
1494,152.8,2.320
1495,152.7,2.320
1496,152.6,2.320
1497,152.5,2.320
1498,152.4,2.320
1499,152.4,2.320
1500,152.3,2.320
1501,152.2,2.320
1502,152.1,2.320
1503,152.0,2.320
1504,151.9,2.320
1505,151.8,2.320
1506,151.7,2.320
1507,151.6,2.320
1508,151.5,2.310
1509,151.4,2.310
1510,151.3,2.310
1511,151.3,2.310
1512,151.2,2.310
1513,151.1,2.310
1514,151.0,2.310
1515,150.9,2.310
1516,150.8,2.320
1517,150.7,2.320
1518,150.6,2.320
1519,150.5,2.320
1520,150.4,2.320
1521,150.3,2.320
1522,150.3,2.320
1523,150.2,2.320
1524,150.1,2.320
1525,150.0,2.320
1526,149.9,2.320
1527,149.8,2.320
1528,149.7,2.320
1529,149.6,2.320
1530,149.6,2.330
1531,149.4,2.330
1532,149.4,2.320
1533,149.3,2.330
1534,149.2,2.320
1535,149.1,2.320
1536,149.0,2.330
1537,148.9,2.320
1538,148.8,2.320
1539,148.8,2.320
1540,148.7,2.320
1541,148.6,2.320
1542,148.5,2.320
1543,148.4,2.320
1544,148.3,2.320
1545,148.2,2.320
1546,148.1,2.320
1547,148.1,2.320
1548,148.0,2.320
1549,147.9,2.310
1550,147.8,2.310
1551,147.7,2.310
1552,147.6,2.310
1553,147.5,2.310
1554,147.4,2.310
1555,147.4,2.310
1556,147.3,2.310
1557,147.2,2.310
1558,147.1,2.320
1559,147.0,2.320
1560,146.9,2.320
1561,146.9,2.320
1562,146.8,2.320
1563,146.7,2.320
1564,146.6,2.320
1565,146.5,2.320
1566,146.4,2.310
1567,146.3,2.310
1568,146.2,2.310
1569,146.2,2.310
1570,146.1,2.310
1571,146.0,2.310
1572,145.9,2.320
1573,145.8,2.320
1574,145.7,2.320
1575,145.7,2.320
1576,145.6,2.320
1577,145.5,2.320
1578,145.4,2.330
1579,145.3,2.330
1580,145.2,2.320
1581,145.2,2.320
1582,145.1,2.320
1583,145.0,2.320
1584,144.9,2.320
1585,144.9,2.320
1586,144.7,2.320
1587,144.7,2.310
1588,144.6,2.310
1589,144.5,2.310
1590,144.4,2.310
1591,144.3,2.310
1592,144.3,2.320
1593,144.2,2.320
1594,144.1,2.320
1595,144.0,2.320
1596,143.9,2.320
1597,143.9,2.320
1598,143.8,2.320
1599,143.7,2.320
1600,143.6,2.320
1601,143.5,2.310
1602,143.5,2.310
1603,143.4,2.310
1604,143.3,2.310
1605,143.2,2.310
1606,143.1,2.310
1607,143.0,2.310
1608,143.0,2.310
1609,142.9,2.310
1610,142.8,2.310
1611,142.7,2.310
1612,142.6,2.310
1613,142.5,2.310
1614,142.5,2.310
1615,142.4,2.310
1616,142.3,2.310
1617,142.2,2.320
1618,142.1,2.320
1619,142.1,2.320
1620,142.0,2.320
1621,141.9,2.320
1622,141.8,2.320
1623,141.7,2.320
1624,141.6,2.320
1625,141.6,2.310
1626,141.5,2.310
1627,141.4,2.310
1628,141.3,2.310
1629,141.2,2.310
1630,141.2,2.310
1631,141.1,2.310
1632,141.0,2.310
1633,140.9,2.310
1634,140.9,2.320
1635,140.8,2.320
1636,140.7,2.320
1637,140.6,2.320
1638,140.5,2.320
1639,140.5,2.320
1640,140.4,2.320
1641,140.3,2.320
1642,140.2,2.320
1643,140.1,2.310
1644,140.1,2.320
1645,140.0,2.320
1646,139.9,2.310
1647,139.8,2.310
1648,139.8,2.310
1649,139.7,2.310
1650,139.6,2.310
1651,139.5,2.310
1652,139.5,2.310
1653,139.4,2.310
1654,139.3,2.310
1655,139.2,2.310
1656,139.1,2.310
1657,139.1,2.320
1658,139.0,2.310
1659,138.9,2.320
1660,138.8,2.320
1661,138.8,2.320
1662,138.7,2.320
1663,138.6,2.320
1664,138.5,2.320
1665,138.5,2.320
1666,138.4,2.320
1667,138.3,2.320
1668,138.2,2.320
1669,138.2,2.320
1670,138.1,2.320
1671,138.0,2.320
1672,137.9,2.320
1673,137.9,2.320
1674,137.8,2.320
1675,137.7,2.320
1676,137.7,2.320
1677,137.6,2.320
1678,137.5,2.320
1679,137.4,2.320
1680,137.4,2.320
1681,137.3,2.320
1682,137.2,2.320
1683,137.1,2.320
1684,137.1,2.320
1685,137.0,2.320
1686,136.9,2.320
1687,136.8,2.320
1688,136.8,2.320
1689,136.7,2.320
1690,136.6,2.310
1691,136.5,2.310
1692,136.4,2.310
1693,136.4,2.310
1694,136.3,2.310
1695,136.2,2.310
1696,136.1,2.320
1697,136.0,2.320
1698,136.0,2.320
1699,135.9,2.320
1700,135.8,2.320
1701,135.8,2.320
1702,135.7,2.320
1703,135.6,2.320
1704,135.5,2.320
1705,135.5,2.310
1706,135.4,2.310
1707,135.3,2.310
1708,135.2,2.310
1709,135.2,2.310
1710,135.1,2.310
1711,135.0,2.310
1712,135.0,2.320
1713,134.9,2.320
1714,134.8,2.320
1715,134.7,2.320
1716,134.7,2.320
1717,134.6,2.320
1718,134.5,2.320
1719,134.5,2.320
1720,134.4,2.320
1721,134.3,2.320
1722,134.2,2.320
1723,134.2,2.320
1724,134.1,2.320
1725,134.0,2.320
1726,134.0,2.330
1727,133.9,2.320
1728,133.8,2.320
1729,133.8,2.320
1730,133.7,2.320
1731,133.6,2.320
1732,133.5,2.320
1733,133.5,2.320
1734,133.4,2.320
1735,133.3,2.320
1736,133.3,2.320
1737,133.2,2.310
1738,133.1,2.310
1739,133.0,2.310
1740,133.0,2.310
1741,132.9,2.310
1742,132.8,2.310
1743,132.8,2.310
1744,132.7,2.310
1745,132.6,2.310
1746,132.6,2.310
1747,132.5,2.310
1748,132.4,2.310
1749,132.4,2.310
1750,132.3,2.310
1751,132.2,2.310
1752,132.1,2.310
1753,132.1,2.310
1754,132.0,2.310
1755,131.9,2.310
1756,131.9,2.310
1757,131.8,2.320
1758,131.7,2.320
1759,131.7,2.320
1760,131.6,2.320
1761,131.5,2.320
1762,131.4,2.320
1763,131.4,2.320
1764,131.3,2.320
1765,131.2,2.330
1766,131.2,2.320
1767,131.1,2.320
1768,131.0,2.320
1769,130.9,2.320
1770,130.9,2.320
1771,130.8,2.320
1772,130.7,2.320
1773,130.7,2.320
1774,130.6,2.320
1775,130.5,2.320
1776,130.4,2.320
1777,130.4,2.320
1778,130.3,2.320
1779,130.2,2.320
1780,130.2,2.320
1781,130.1,2.320
1782,130.0,2.320
1783,130.0,2.310
1784,129.9,2.310
1785,129.8,2.310
1786,129.8,2.310
1787,129.7,2.310
1788,129.6,2.310
1789,129.5,2.310
1790,129.5,2.310
1791,129.4,2.310
1792,129.4,2.310
1793,129.3,2.310
1794,129.2,2.310
1795,129.1,2.310
1796,129.1,2.310
1797,129.0,2.310
1798,129.0,2.310
1799,128.9,2.310
1800,128.8,2.310
1801,128.8,2.310
1802,128.7,2.310
1803,128.6,2.310
1804,128.6,2.310
1805,128.5,2.310
1806,128.4,2.310
1807,128.4,2.310
1808,128.3,2.310
1809,128.2,2.310
1810,128.2,2.310
1811,128.1,2.310
1812,128.0,2.320
1813,128.0,2.310
1814,127.9,2.320
1815,127.8,2.320
1816,127.8,2.320
1817,127.7,2.320
1818,127.6,2.320
1819,127.6,2.320
1820,127.5,2.320
1821,127.5,2.320
1822,127.4,2.320
1823,127.3,2.320
1824,127.3,2.320
1825,127.2,2.310
1826,127.1,2.310
1827,127.1,2.310
1828,127.0,2.310
1829,126.9,2.310
1830,126.9,2.310
1831,126.8,2.320
1832,126.7,2.320
1833,126.7,2.320
1834,126.6,2.320
1835,126.5,2.320
1836,126.5,2.320
1837,126.4,2.320
1838,126.4,2.320
1839,126.3,2.310
1840,126.2,2.310
1841,126.1,2.310
1842,126.1,2.310
1843,126.0,2.310
1844,126.0,2.310
1845,125.9,2.320
1846,125.8,2.320
1847,125.8,2.320
1848,125.7,2.320
1849,125.6,2.320
1850,125.6,2.320
1851,125.5,2.320
1852,125.4,2.310
1853,125.4,2.310
1854,125.3,2.310
1855,125.2,2.310
1856,125.2,2.310
1857,125.1,2.320
1858,125.1,2.320
1859,125.0,2.320
1860,124.9,2.320
1861,124.9,2.320
1862,124.8,2.320
1863,124.7,2.320
1864,124.7,2.310
1865,124.6,2.310
1866,124.6,2.310
1867,124.5,2.310
1868,124.4,2.310
1869,124.4,2.310
1870,124.3,2.320
1871,124.3,2.320
1872,124.2,2.330
1873,124.1,2.320
1874,124.0,2.320
1875,124.0,2.310
1876,123.9,2.310
1877,123.9,2.310
1878,123.8,2.310
1879,123.7,2.310
1880,123.7,2.320
1881,123.6,2.320
1882,123.6,2.320
1883,123.5,2.320
1884,123.4,2.320
1885,123.4,2.320
1886,123.3,2.310
1887,123.2,2.310
1888,123.2,2.310
1889,123.1,2.310
1890,123.0,2.310
1891,123.0,2.310
1892,122.9,2.310
1893,122.9,2.310
1894,122.8,2.320
1895,122.7,2.320
1896,122.7,2.320
1897,122.6,2.320
1898,122.6,2.310
1899,122.5,2.310
1900,122.4,2.310
1901,122.4,2.310
1902,122.3,2.310
1903,122.2,2.320
1904,122.2,2.320
1905,122.1,2.320
1906,122.1,2.320
1907,122.0,2.310
1908,121.9,2.310
1909,121.9,2.310
1910,121.8,2.310
1911,121.8,2.310
1912,121.7,2.310
1913,121.6,2.320
1914,121.6,2.320
1915,121.5,2.320
1916,121.5,2.310
1917,121.4,2.310
1918,121.3,2.310
1919,121.3,2.310
1920,121.2,2.310
1921,121.1,2.310
1922,121.1,2.320
1923,121.0,2.320
1924,121.0,2.320
1925,120.9,2.320
1926,120.8,2.310
1927,120.8,2.310
1928,120.7,2.310
1929,120.7,2.310
1930,120.6,2.310
1931,120.5,2.320
1932,120.5,2.320
1933,120.4,2.320
1934,120.4,2.320
1935,120.3,2.310
1936,120.3,2.310
1937,120.2,2.310
1938,120.1,2.310
1939,120.1,2.320
1940,120.0,2.320
1941,120.0,2.320
1942,119.9,2.310
1943,119.9,2.310
1944,119.8,2.310
1945,119.7,2.310
1946,119.7,2.320
1947,119.6,2.320
1948,119.6,2.320
1949,119.5,2.320
1950,119.5,2.320
1951,119.4,2.310
1952,119.3,2.310
1953,119.3,2.310
1954,119.2,2.310
1955,119.2,2.310
1956,119.1,2.320
1957,119.0,2.320
1958,119.0,2.320
1959,118.9,2.320
1960,118.9,2.320
1961,118.8,2.320
1962,118.7,2.320
1963,118.7,2.310
1964,118.6,2.310
1965,118.6,2.310
1966,118.5,2.310
1967,118.4,2.310
1968,118.4,2.310
1969,118.3,2.320
1970,118.3,2.320
1971,118.2,2.320
1972,118.2,2.310
1973,118.1,2.310
1974,118.0,2.310
1975,118.0,2.310
1976,117.9,2.310
1977,117.9,2.320
